SA2_CODE21,SA2_NAME21,CHG_FLAG21,CHG_LBL21,SA3_CODE21,SA3_NAME21,SA4_CODE21,SA4_NAME21,GCC_CODE21,GCC_NAME21,STE_CODE21,STE_NAME21,AUS_CODE21,AUS_NAME21,AREASQKM21,LOCI_URI21
102011028,Avoca Beach - Copacabana,0,No change,10201,Gosford,102,Central Coast,1GSYD,Greater Sydney,1,New South Wales,AUS,Australia,6.4376,http://linked.data.gov.au/dataset/asgsed3/SA2/102011028
102011029,Box Head - MacMasters Beach,0,No change,10201,Gosford,102,Central Coast,1GSYD,Greater Sydney,1,New South Wales,AUS,Australia,32.0802,http://linked.data.gov.au/dataset/asgsed3/SA2/102011029
102011030,Calga - Kulnura,0,No change,10201,Gosford,102,Central Coast,1GSYD,Greater Sydney,1,New South Wales,AUS,Australia,767.9512,http://linked.data.gov.au/dataset/asgsed3/SA2/102011030
102011031,Erina - Green Point,0,No change,10201,Gosford,102,Central Coast,1GSYD,Greater Sydney,1,New South Wales,AUS,Australia,33.7934,http://linked.data.gov.au/dataset/asgsed3/SA2/102011031
102011032,Gosford - Springfield,0,No change,10201,Gosford,102,Central Coast,1GSYD,Greater Sydney,1,New South Wales,AUS,Australia,16.9123,http://linked.data.gov.au/dataset/asgsed3/SA2/102011032
102011033,Kariong,0,No change,10201,Gosford,102,Central Coast,1GSYD,Greater Sydney,1,New South Wales,AUS,Australia,8.3063,http://linked.data.gov.au/dataset/asgsed3/SA2/102011033
102011034,Kincumber - Picketts Valley,0,No change,10201,Gosford,102,Central Coast,1GSYD,Greater Sydney,1,New South Wales,AUS,Australia,11.7169,http://linked.data.gov.au/dataset/asgsed3/SA2/102011034
102011035,Narara,0,No change,10201,Gosford,102,Central Coast,1GSYD,Greater Sydney,1,New South Wales,AUS,Australia,7.7021,http://linked.data.gov.au/dataset/asgsed3/SA2/102011035
102011036,Niagara Park - Lisarow,0,No change,10201,Gosford,102,Central Coast,1GSYD,Greater Sydney,1,New South Wales,AUS,Australia,16.7316,http://linked.data.gov.au/dataset/asgsed3/SA2/102011036
102011037,Point Clare - Koolewong,0,No change,10201,Gosford,102,Central Coast,1GSYD,Greater Sydney,1,New South Wales,AUS,Australia,6.7794,http://linked.data.gov.au/dataset/asgsed3/SA2/102011037
102011038,Saratoga - Davistown,0,No change,10201,Gosford,102,Central Coast,1GSYD,Greater Sydney,1,New South Wales,AUS,Australia,4.7683,http://linked.data.gov.au/dataset/asgsed3/SA2/102011038
102011039,Terrigal - North Avoca,0,No change,10201,Gosford,102,Central Coast,1GSYD,Greater Sydney,1,New South Wales,AUS,Australia,10.4791,http://linked.data.gov.au/dataset/asgsed3/SA2/102011039
102011040,Umina - Booker Bay - Patonga,0,No change,10201,Gosford,102,Central Coast,1GSYD,Greater Sydney,1,New South Wales,AUS,Australia,25.2285,http://linked.data.gov.au/dataset/asgsed3/SA2/102011040
102011041,Wamberal - Forresters Beach,0,No change,10201,Gosford,102,Central Coast,1GSYD,Greater Sydney,1,New South Wales,AUS,Australia,13.7221,http://linked.data.gov.au/dataset/asgsed3/SA2/102011041
102011042,Woy Woy - Blackwall,0,No change,10201,Gosford,102,Central Coast,1GSYD,Greater Sydney,1,New South Wales,AUS,Australia,17.3963,http://linked.data.gov.au/dataset/asgsed3/SA2/102011042
102011043,Wyoming,0,No change,10201,Gosford,102,Central Coast,1GSYD,Greater Sydney,1,New South Wales,AUS,Australia,8.381,http://linked.data.gov.au/dataset/asgsed3/SA2/102011043
102021044,Bateau Bay - Killarney Vale,0,No change,10202,Wyong,102,Central Coast,1GSYD,Greater Sydney,1,New South Wales,AUS,Australia,10.8595,http://linked.data.gov.au/dataset/asgsed3/SA2/102021044
102021045,Blue Haven - San Remo,0,No change,10202,Wyong,102,Central Coast,1GSYD,Greater Sydney,1,New South Wales,AUS,Australia,20.9795,http://linked.data.gov.au/dataset/asgsed3/SA2/102021045
102021046,Budgewoi - Buff Point - Halekulani,0,No change,10202,Wyong,102,Central Coast,1GSYD,Greater Sydney,1,New South Wales,AUS,Australia,9.3297,http://linked.data.gov.au/dataset/asgsed3/SA2/102021046
102021047,Chittaway Bay - Tumbi Umbi,0,No change,10202,Wyong,102,Central Coast,1GSYD,Greater Sydney,1,New South Wales,AUS,Australia,24.4986,http://linked.data.gov.au/dataset/asgsed3/SA2/102021047
102021048,Gorokan - Kanwal - Charmhaven,0,No change,10202,Wyong,102,Central Coast,1GSYD,Greater Sydney,1,New South Wales,AUS,Australia,11.249,http://linked.data.gov.au/dataset/asgsed3/SA2/102021048
102021049,Jilliby - Yarramalong,0,No change,10202,Wyong,102,Central Coast,1GSYD,Greater Sydney,1,New South Wales,AUS,Australia,346.7662,http://linked.data.gov.au/dataset/asgsed3/SA2/102021049
102021050,Lake Munmorah - Mannering Park,0,No change,10202,Wyong,102,Central Coast,1GSYD,Greater Sydney,1,New South Wales,AUS,Australia,35.4946,http://linked.data.gov.au/dataset/asgsed3/SA2/102021050
102021051,Ourimbah - Fountaindale,0,No change,10202,Wyong,102,Central Coast,1GSYD,Greater Sydney,1,New South Wales,AUS,Australia,114.1172,http://linked.data.gov.au/dataset/asgsed3/SA2/102021051
102021052,Summerland Point - Gwandalan,0,No change,10202,Wyong,102,Central Coast,1GSYD,Greater Sydney,1,New South Wales,AUS,Australia,9.1793,http://linked.data.gov.au/dataset/asgsed3/SA2/102021052
102021053,The Entrance,0,No change,10202,Wyong,102,Central Coast,1GSYD,Greater Sydney,1,New South Wales,AUS,Australia,13.8576,http://linked.data.gov.au/dataset/asgsed3/SA2/102021053
102021054,Toukley - Norah Head,0,No change,10202,Wyong,102,Central Coast,1GSYD,Greater Sydney,1,New South Wales,AUS,Australia,10.5216,http://linked.data.gov.au/dataset/asgsed3/SA2/102021054
102021055,Tuggerah - Kangy Angy,0,No change,10202,Wyong,102,Central Coast,1GSYD,Greater Sydney,1,New South Wales,AUS,Australia,27.8463,http://linked.data.gov.au/dataset/asgsed3/SA2/102021055
102021056,Warnervale - Wadalba,0,No change,10202,Wyong,102,Central Coast,1GSYD,Greater Sydney,1,New South Wales,AUS,Australia,42.89,http://linked.data.gov.au/dataset/asgsed3/SA2/102021056
102021057,Wyong,0,No change,10202,Wyong,102,Central Coast,1GSYD,Greater Sydney,1,New South Wales,AUS,Australia,15.0334,http://linked.data.gov.au/dataset/asgsed3/SA2/102021057
115011290,Baulkham Hills - East,3,Name change,11501,Baulkham Hills,115,Sydney - Baulkham Hills and Hawkesbury,1GSYD,Greater Sydney,1,New South Wales,AUS,Australia,8.3081,http://linked.data.gov.au/dataset/asgsed3/SA2/115011290
115011291,Baulkham Hills (West) - Bella Vista,0,No change,11501,Baulkham Hills,115,Sydney - Baulkham Hills and Hawkesbury,1GSYD,Greater Sydney,1,New South Wales,AUS,Australia,10.8721,http://linked.data.gov.au/dataset/asgsed3/SA2/115011291
115011294,Glenhaven,0,No change,11501,Baulkham Hills,115,Sydney - Baulkham Hills and Hawkesbury,1GSYD,Greater Sydney,1,New South Wales,AUS,Australia,7.2309,http://linked.data.gov.au/dataset/asgsed3/SA2/115011294
115011296,West Pennant Hills,0,No change,11501,Baulkham Hills,115,Sydney - Baulkham Hills and Hawkesbury,1GSYD,Greater Sydney,1,New South Wales,AUS,Australia,7.8291,http://linked.data.gov.au/dataset/asgsed3/SA2/115011296
115011553,Castle Hill - Central,0,No change,11501,Baulkham Hills,115,Sydney - Baulkham Hills and Hawkesbury,1GSYD,Greater Sydney,1,New South Wales,AUS,Australia,4.1512,http://linked.data.gov.au/dataset/asgsed3/SA2/115011553
115011554,Castle Hill - East,0,No change,11501,Baulkham Hills,115,Sydney - Baulkham Hills and Hawkesbury,1GSYD,Greater Sydney,1,New South Wales,AUS,Australia,2.072,http://linked.data.gov.au/dataset/asgsed3/SA2/115011554
115011555,Castle Hill - North,0,No change,11501,Baulkham Hills,115,Sydney - Baulkham Hills and Hawkesbury,1GSYD,Greater Sydney,1,New South Wales,AUS,Australia,6.8149,http://linked.data.gov.au/dataset/asgsed3/SA2/115011555
115011556,Castle Hill - South,0,No change,11501,Baulkham Hills,115,Sydney - Baulkham Hills and Hawkesbury,1GSYD,Greater Sydney,1,New South Wales,AUS,Australia,4.1277,http://linked.data.gov.au/dataset/asgsed3/SA2/115011556
115011557,Castle Hill - West,0,No change,11501,Baulkham Hills,115,Sydney - Baulkham Hills and Hawkesbury,1GSYD,Greater Sydney,1,New South Wales,AUS,Australia,1.6363,http://linked.data.gov.au/dataset/asgsed3/SA2/115011557
115011558,Cherrybrook,0,No change,11501,Baulkham Hills,115,Sydney - Baulkham Hills and Hawkesbury,1GSYD,Greater Sydney,1,New South Wales,AUS,Australia,8.2514,http://linked.data.gov.au/dataset/asgsed3/SA2/115011558
115011621,Kellyville - East,1,New,11501,Baulkham Hills,115,Sydney - Baulkham Hills and Hawkesbury,1GSYD,Greater Sydney,1,New South Wales,AUS,Australia,5.7375,http://linked.data.gov.au/dataset/asgsed3/SA2/115011621
115011622,Kellyville - West,1,New,11501,Baulkham Hills,115,Sydney - Baulkham Hills and Hawkesbury,1GSYD,Greater Sydney,1,New South Wales,AUS,Australia,4.9945,http://linked.data.gov.au/dataset/asgsed3/SA2/115011622
115021297,Dural - Kenthurst - Wisemans Ferry,0,No change,11502,Dural - Wisemans Ferry,115,Sydney - Baulkham Hills and Hawkesbury,1GSYD,Greater Sydney,1,New South Wales,AUS,Australia,377.5396,http://linked.data.gov.au/dataset/asgsed3/SA2/115021297
115021298,Galston - Laughtondale,0,No change,11502,Dural - Wisemans Ferry,115,Sydney - Baulkham Hills and Hawkesbury,1GSYD,Greater Sydney,1,New South Wales,AUS,Australia,191.699,http://linked.data.gov.au/dataset/asgsed3/SA2/115021298
115031299,Bilpin - Colo - St Albans,0,No change,11503,Hawkesbury,115,Sydney - Baulkham Hills and Hawkesbury,1GSYD,Greater Sydney,1,New South Wales,AUS,Australia,2160.1601,http://linked.data.gov.au/dataset/asgsed3/SA2/115031299
115031300,Kurrajong Heights - Ebenezer,0,No change,11503,Hawkesbury,115,Sydney - Baulkham Hills and Hawkesbury,1GSYD,Greater Sydney,1,New South Wales,AUS,Australia,331.85,http://linked.data.gov.au/dataset/asgsed3/SA2/115031300
115041301,Pitt Town - McGraths Hill,0,No change,11504,Rouse Hill - McGraths Hill,115,Sydney - Baulkham Hills and Hawkesbury,1GSYD,Greater Sydney,1,New South Wales,AUS,Australia,80.503,http://linked.data.gov.au/dataset/asgsed3/SA2/115041301
115041623,Box Hill - Nelson,1,New,11504,Rouse Hill - McGraths Hill,115,Sydney - Baulkham Hills and Hawkesbury,1GSYD,Greater Sydney,1,New South Wales,AUS,Australia,21.0706,http://linked.data.gov.au/dataset/asgsed3/SA2/115041623
115041624,North Kellyville,1,New,11504,Rouse Hill - McGraths Hill,115,Sydney - Baulkham Hills and Hawkesbury,1GSYD,Greater Sydney,1,New South Wales,AUS,Australia,8.0039,http://linked.data.gov.au/dataset/asgsed3/SA2/115041624
115041625,Rouse Hill - Beaumont Hills,1,New,11504,Rouse Hill - McGraths Hill,115,Sydney - Baulkham Hills and Hawkesbury,1GSYD,Greater Sydney,1,New South Wales,AUS,Australia,8.6462,http://linked.data.gov.au/dataset/asgsed3/SA2/115041625
116011303,Blacktown (East) - Kings Park,0,No change,11601,Blacktown,116,Sydney - Blacktown,1GSYD,Greater Sydney,1,New South Wales,AUS,Australia,7.9753,http://linked.data.gov.au/dataset/asgsed3/SA2/116011303
116011304,Blacktown (North) - Marayong,0,No change,11601,Blacktown,116,Sydney - Blacktown,1GSYD,Greater Sydney,1,New South Wales,AUS,Australia,7.3828,http://linked.data.gov.au/dataset/asgsed3/SA2/116011304
116011306,Doonside - Woodcroft,0,No change,11601,Blacktown,116,Sydney - Blacktown,1GSYD,Greater Sydney,1,New South Wales,AUS,Australia,9.9106,http://linked.data.gov.au/dataset/asgsed3/SA2/116011306
116011307,Lalor Park - Kings Langley,0,No change,11601,Blacktown,116,Sydney - Blacktown,1GSYD,Greater Sydney,1,New South Wales,AUS,Australia,11.7998,http://linked.data.gov.au/dataset/asgsed3/SA2/116011307
116011560,Blacktown - South,3,Name change,11601,Blacktown,116,Sydney - Blacktown,1GSYD,Greater Sydney,1,New South Wales,AUS,Australia,3.3594,http://linked.data.gov.au/dataset/asgsed3/SA2/116011560
116011561,Blacktown - West,3,Name change,11601,Blacktown,116,Sydney - Blacktown,1GSYD,Greater Sydney,1,New South Wales,AUS,Australia,4.6753,http://linked.data.gov.au/dataset/asgsed3/SA2/116011561
116011626,Seven Hills - Prospect,1,New,11601,Blacktown,116,Sydney - Blacktown,1GSYD,Greater Sydney,1,New South Wales,AUS,Australia,7.5851,http://linked.data.gov.au/dataset/asgsed3/SA2/116011626
116011627,Toongabbie - West,1,New,11601,Blacktown,116,Sydney - Blacktown,1GSYD,Greater Sydney,1,New South Wales,AUS,Australia,3.2406,http://linked.data.gov.au/dataset/asgsed3/SA2/116011627
116021309,Glenwood,0,No change,11602,Blacktown - North,116,Sydney - Blacktown,1GSYD,Greater Sydney,1,New South Wales,AUS,Australia,5.1186,http://linked.data.gov.au/dataset/asgsed3/SA2/116021309
116021562,Acacia Gardens,0,No change,11602,Blacktown - North,116,Sydney - Blacktown,1GSYD,Greater Sydney,1,New South Wales,AUS,Australia,0.9466,http://linked.data.gov.au/dataset/asgsed3/SA2/116021562
116021563,Quakers Hill,0,No change,11602,Blacktown - North,116,Sydney - Blacktown,1GSYD,Greater Sydney,1,New South Wales,AUS,Australia,7.7674,http://linked.data.gov.au/dataset/asgsed3/SA2/116021563
116021628,Kellyville Ridge - The Ponds,1,New,11602,Blacktown - North,116,Sydney - Blacktown,1GSYD,Greater Sydney,1,New South Wales,AUS,Australia,5.9124,http://linked.data.gov.au/dataset/asgsed3/SA2/116021628
116021629,Marsden Park - Shanes Park,1,New,11602,Blacktown - North,116,Sydney - Blacktown,1GSYD,Greater Sydney,1,New South Wales,AUS,Australia,25.0406,http://linked.data.gov.au/dataset/asgsed3/SA2/116021629
116021630,Riverstone,1,New,11602,Blacktown - North,116,Sydney - Blacktown,1GSYD,Greater Sydney,1,New South Wales,AUS,Australia,32.1656,http://linked.data.gov.au/dataset/asgsed3/SA2/116021630
116021631,Schofields (West) - Colebee,1,New,11602,Blacktown - North,116,Sydney - Blacktown,1GSYD,Greater Sydney,1,New South Wales,AUS,Australia,10.5499,http://linked.data.gov.au/dataset/asgsed3/SA2/116021631
116021632,Schofields - East,1,New,11602,Blacktown - North,116,Sydney - Blacktown,1GSYD,Greater Sydney,1,New South Wales,AUS,Australia,11.6638,http://linked.data.gov.au/dataset/asgsed3/SA2/116021632
116021633,Stanhope Gardens - Parklea,1,New,11602,Blacktown - North,116,Sydney - Blacktown,1GSYD,Greater Sydney,1,New South Wales,AUS,Australia,3.9008,http://linked.data.gov.au/dataset/asgsed3/SA2/116021633
116031313,Bidwill - Hebersham - Emerton,0,No change,11603,Mount Druitt,116,Sydney - Blacktown,1GSYD,Greater Sydney,1,New South Wales,AUS,Australia,6.095,http://linked.data.gov.au/dataset/asgsed3/SA2/116031313
116031314,Glendenning - Dean Park,0,No change,11603,Mount Druitt,116,Sydney - Blacktown,1GSYD,Greater Sydney,1,New South Wales,AUS,Australia,5.1425,http://linked.data.gov.au/dataset/asgsed3/SA2/116031314
116031315,Hassall Grove - Plumpton,0,No change,11603,Mount Druitt,116,Sydney - Blacktown,1GSYD,Greater Sydney,1,New South Wales,AUS,Australia,6.2052,http://linked.data.gov.au/dataset/asgsed3/SA2/116031315
116031316,Lethbridge Park - Tregear,0,No change,11603,Mount Druitt,116,Sydney - Blacktown,1GSYD,Greater Sydney,1,New South Wales,AUS,Australia,11.2672,http://linked.data.gov.au/dataset/asgsed3/SA2/116031316
116031317,Mount Druitt - Whalan,0,No change,11603,Mount Druitt,116,Sydney - Blacktown,1GSYD,Greater Sydney,1,New South Wales,AUS,Australia,8.6855,http://linked.data.gov.au/dataset/asgsed3/SA2/116031317
116031318,Prospect Reservoir,0,No change,11603,Mount Druitt,116,Sydney - Blacktown,1GSYD,Greater Sydney,1,New South Wales,AUS,Australia,29.8693,http://linked.data.gov.au/dataset/asgsed3/SA2/116031318
116031319,Rooty Hill - Minchinbury,0,No change,11603,Mount Druitt,116,Sydney - Blacktown,1GSYD,Greater Sydney,1,New South Wales,AUS,Australia,14.6242,http://linked.data.gov.au/dataset/asgsed3/SA2/116031319
117011320,Banksmeadow,0,No change,11701,Botany,117,Sydney - City and Inner South,1GSYD,Greater Sydney,1,New South Wales,AUS,Australia,3.9384,http://linked.data.gov.au/dataset/asgsed3/SA2/117011320
117011321,Botany,0,No change,11701,Botany,117,Sydney - City and Inner South,1GSYD,Greater Sydney,1,New South Wales,AUS,Australia,3.4307,http://linked.data.gov.au/dataset/asgsed3/SA2/117011321
117011323,Pagewood - Hillsdale - Daceyville,0,No change,11701,Botany,117,Sydney - City and Inner South,1GSYD,Greater Sydney,1,New South Wales,AUS,Australia,3.1186,http://linked.data.gov.au/dataset/asgsed3/SA2/117011323
117011324,Port Botany Industrial,0,No change,11701,Botany,117,Sydney - City and Inner South,1GSYD,Greater Sydney,1,New South Wales,AUS,Australia,2.8044,http://linked.data.gov.au/dataset/asgsed3/SA2/117011324
117011325,Sydney Airport,0,No change,11701,Botany,117,Sydney - City and Inner South,1GSYD,Greater Sydney,1,New South Wales,AUS,Australia,8.9106,http://linked.data.gov.au/dataset/asgsed3/SA2/117011325
117011634,Eastlakes,1,New,11701,Botany,117,Sydney - City and Inner South,1GSYD,Greater Sydney,1,New South Wales,AUS,Australia,3.1149,http://linked.data.gov.au/dataset/asgsed3/SA2/117011634
117011635,Mascot,1,New,11701,Botany,117,Sydney - City and Inner South,1GSYD,Greater Sydney,1,New South Wales,AUS,Australia,3.0501,http://linked.data.gov.au/dataset/asgsed3/SA2/117011635
117021327,Petersham - Stanmore,0,No change,11702,Marrickville - Sydenham - Petersham,117,Sydney - City and Inner South,1GSYD,Greater Sydney,1,New South Wales,AUS,Australia,3.0033,http://linked.data.gov.au/dataset/asgsed3/SA2/117021327
117021328,Sydenham - Tempe - St Peters,0,No change,11702,Marrickville - Sydenham - Petersham,117,Sydney - City and Inner South,1GSYD,Greater Sydney,1,New South Wales,AUS,Australia,3.8539,http://linked.data.gov.au/dataset/asgsed3/SA2/117021328
117021636,Marrickville - North,1,New,11702,Marrickville - Sydenham - Petersham,117,Sydney - City and Inner South,1GSYD,Greater Sydney,1,New South Wales,AUS,Australia,2.8199,http://linked.data.gov.au/dataset/asgsed3/SA2/117021636
117021637,Marrickville - South,1,New,11702,Marrickville - Sydenham - Petersham,117,Sydney - City and Inner South,1GSYD,Greater Sydney,1,New South Wales,AUS,Australia,2.9929,http://linked.data.gov.au/dataset/asgsed3/SA2/117021637
117031329,Darlinghurst,0,No change,11703,Sydney Inner City,117,Sydney - City and Inner South,1GSYD,Greater Sydney,1,New South Wales,AUS,Australia,0.8569,http://linked.data.gov.au/dataset/asgsed3/SA2/117031329
117031330,Erskineville - Alexandria,0,No change,11703,Sydney Inner City,117,Sydney - City and Inner South,1GSYD,Greater Sydney,1,New South Wales,AUS,Australia,4.3199,http://linked.data.gov.au/dataset/asgsed3/SA2/117031330
117031331,Glebe - Forest Lodge,0,No change,11703,Sydney Inner City,117,Sydney - City and Inner South,1GSYD,Greater Sydney,1,New South Wales,AUS,Australia,2.3018,http://linked.data.gov.au/dataset/asgsed3/SA2/117031331
117031333,Potts Point - Woolloomooloo,0,No change,11703,Sydney Inner City,117,Sydney - City and Inner South,1GSYD,Greater Sydney,1,New South Wales,AUS,Australia,1.4636,http://linked.data.gov.au/dataset/asgsed3/SA2/117031333
117031336,Surry Hills,0,No change,11703,Sydney Inner City,117,Sydney - City and Inner South,1GSYD,Greater Sydney,1,New South Wales,AUS,Australia,1.3164,http://linked.data.gov.au/dataset/asgsed3/SA2/117031336
117031638,Camperdown - Darlington,1,New,11703,Sydney Inner City,117,Sydney - City and Inner South,1GSYD,Greater Sydney,1,New South Wales,AUS,Australia,1.7106,http://linked.data.gov.au/dataset/asgsed3/SA2/117031638
117031639,Chippendale,1,New,11703,Sydney Inner City,117,Sydney - City and Inner South,1GSYD,Greater Sydney,1,New South Wales,AUS,Australia,0.4642,http://linked.data.gov.au/dataset/asgsed3/SA2/117031639
117031640,Newtown (NSW),1,New,11703,Sydney Inner City,117,Sydney - City and Inner South,1GSYD,Greater Sydney,1,New South Wales,AUS,Australia,1.5707,http://linked.data.gov.au/dataset/asgsed3/SA2/117031640
117031641,Pyrmont,1,New,11703,Sydney Inner City,117,Sydney - City and Inner South,1GSYD,Greater Sydney,1,New South Wales,AUS,Australia,0.9299,http://linked.data.gov.au/dataset/asgsed3/SA2/117031641
117031642,Redfern,1,New,11703,Sydney Inner City,117,Sydney - City and Inner South,1GSYD,Greater Sydney,1,New South Wales,AUS,Australia,1.6989,http://linked.data.gov.au/dataset/asgsed3/SA2/117031642
117031643,Rosebery - Beaconsfield,1,New,11703,Sydney Inner City,117,Sydney - City and Inner South,1GSYD,Greater Sydney,1,New South Wales,AUS,Australia,1.6423,http://linked.data.gov.au/dataset/asgsed3/SA2/117031643
117031644,Sydney (North) - Millers Point,1,New,11703,Sydney Inner City,117,Sydney - City and Inner South,1GSYD,Greater Sydney,1,New South Wales,AUS,Australia,3.2122,http://linked.data.gov.au/dataset/asgsed3/SA2/117031644
117031645,Sydney (South) - Haymarket,1,New,11703,Sydney Inner City,117,Sydney - City and Inner South,1GSYD,Greater Sydney,1,New South Wales,AUS,Australia,1.081,http://linked.data.gov.au/dataset/asgsed3/SA2/117031645
117031646,Ultimo,1,New,11703,Sydney Inner City,117,Sydney - City and Inner South,1GSYD,Greater Sydney,1,New South Wales,AUS,Australia,0.5588,http://linked.data.gov.au/dataset/asgsed3/SA2/117031646
117031647,Waterloo,1,New,11703,Sydney Inner City,117,Sydney - City and Inner South,1GSYD,Greater Sydney,1,New South Wales,AUS,Australia,1.1339,http://linked.data.gov.au/dataset/asgsed3/SA2/117031647
117031648,Zetland,1,New,11703,Sydney Inner City,117,Sydney - City and Inner South,1GSYD,Greater Sydney,1,New South Wales,AUS,Australia,0.8047,http://linked.data.gov.au/dataset/asgsed3/SA2/117031648
118011339,Bondi - Tamarama - Bronte,0,No change,11801,Eastern Suburbs - North,118,Sydney - Eastern Suburbs,1GSYD,Greater Sydney,1,New South Wales,AUS,Australia,2.4962,http://linked.data.gov.au/dataset/asgsed3/SA2/118011339
118011340,Bondi Beach - North Bondi,0,No change,11801,Eastern Suburbs - North,118,Sydney - Eastern Suburbs,1GSYD,Greater Sydney,1,New South Wales,AUS,Australia,2.4604,http://linked.data.gov.au/dataset/asgsed3/SA2/118011340
118011341,Bondi Junction - Waverly,0,No change,11801,Eastern Suburbs - North,118,Sydney - Eastern Suburbs,1GSYD,Greater Sydney,1,New South Wales,AUS,Australia,2.5235,http://linked.data.gov.au/dataset/asgsed3/SA2/118011341
118011342,Centennial Park,0,No change,11801,Eastern Suburbs - North,118,Sydney - Eastern Suburbs,1GSYD,Greater Sydney,1,New South Wales,AUS,Australia,1.9786,http://linked.data.gov.au/dataset/asgsed3/SA2/118011342
118011344,Dover Heights,0,No change,11801,Eastern Suburbs - North,118,Sydney - Eastern Suburbs,1GSYD,Greater Sydney,1,New South Wales,AUS,Australia,1.8705,http://linked.data.gov.au/dataset/asgsed3/SA2/118011344
118011345,Paddington - Moore Park,0,No change,11801,Eastern Suburbs - North,118,Sydney - Eastern Suburbs,1GSYD,Greater Sydney,1,New South Wales,AUS,Australia,3.725,http://linked.data.gov.au/dataset/asgsed3/SA2/118011345
118011346,Rose Bay - Vaucluse - Watsons Bay,0,No change,11801,Eastern Suburbs - North,118,Sydney - Eastern Suburbs,1GSYD,Greater Sydney,1,New South Wales,AUS,Australia,5.1368,http://linked.data.gov.au/dataset/asgsed3/SA2/118011346
118011347,Woollahra,0,No change,11801,Eastern Suburbs - North,118,Sydney - Eastern Suburbs,1GSYD,Greater Sydney,1,New South Wales,AUS,Australia,1.2805,http://linked.data.gov.au/dataset/asgsed3/SA2/118011347
118011649,Bellevue Hill,1,New,11801,Eastern Suburbs - North,118,Sydney - Eastern Suburbs,1GSYD,Greater Sydney,1,New South Wales,AUS,Australia,3.1556,http://linked.data.gov.au/dataset/asgsed3/SA2/118011649
118011650,Double Bay - Darling Point,1,New,11801,Eastern Suburbs - North,118,Sydney - Eastern Suburbs,1GSYD,Greater Sydney,1,New South Wales,AUS,Australia,1.5591,http://linked.data.gov.au/dataset/asgsed3/SA2/118011650
118021564,Kensington (NSW),0,No change,11802,Eastern Suburbs - South,118,Sydney - Eastern Suburbs,1GSYD,Greater Sydney,1,New South Wales,AUS,Australia,2.6423,http://linked.data.gov.au/dataset/asgsed3/SA2/118021564
118021565,Kingsford,0,No change,11802,Eastern Suburbs - South,118,Sydney - Eastern Suburbs,1GSYD,Greater Sydney,1,New South Wales,AUS,Australia,2.0141,http://linked.data.gov.au/dataset/asgsed3/SA2/118021565
118021566,Maroubra - North,0,No change,11802,Eastern Suburbs - South,118,Sydney - Eastern Suburbs,1GSYD,Greater Sydney,1,New South Wales,AUS,Australia,1.8112,http://linked.data.gov.au/dataset/asgsed3/SA2/118021566
118021567,Maroubra - South,0,No change,11802,Eastern Suburbs - South,118,Sydney - Eastern Suburbs,1GSYD,Greater Sydney,1,New South Wales,AUS,Australia,2.065,http://linked.data.gov.au/dataset/asgsed3/SA2/118021567
118021568,Maroubra - West,0,No change,11802,Eastern Suburbs - South,118,Sydney - Eastern Suburbs,1GSYD,Greater Sydney,1,New South Wales,AUS,Australia,2.0464,http://linked.data.gov.au/dataset/asgsed3/SA2/118021568
118021569,Randwick - North,0,No change,11802,Eastern Suburbs - South,118,Sydney - Eastern Suburbs,1GSYD,Greater Sydney,1,New South Wales,AUS,Australia,1.9356,http://linked.data.gov.au/dataset/asgsed3/SA2/118021569
118021570,Randwick - South,0,No change,11802,Eastern Suburbs - South,118,Sydney - Eastern Suburbs,1GSYD,Greater Sydney,1,New South Wales,AUS,Australia,3.3725,http://linked.data.gov.au/dataset/asgsed3/SA2/118021570
118021651,Coogee - Clovelly,1,New,11802,Eastern Suburbs - South,118,Sydney - Eastern Suburbs,1GSYD,Greater Sydney,1,New South Wales,AUS,Australia,2.7034,http://linked.data.gov.au/dataset/asgsed3/SA2/118021651
118021652,Malabar - La Perouse,1,New,11802,Eastern Suburbs - South,118,Sydney - Eastern Suburbs,1GSYD,Greater Sydney,1,New South Wales,AUS,Australia,8.4115,http://linked.data.gov.au/dataset/asgsed3/SA2/118021652
118021653,Matraville - Chifley,1,New,11802,Eastern Suburbs - South,118,Sydney - Eastern Suburbs,1GSYD,Greater Sydney,1,New South Wales,AUS,Australia,3.4138,http://linked.data.gov.au/dataset/asgsed3/SA2/118021653
118021654,South Coogee,1,New,11802,Eastern Suburbs - South,118,Sydney - Eastern Suburbs,1GSYD,Greater Sydney,1,New South Wales,AUS,Australia,1.1322,http://linked.data.gov.au/dataset/asgsed3/SA2/118021654
119011354,Bass Hill - Georges Hall,0,No change,11901,Bankstown,119,Sydney - Inner South West,1GSYD,Greater Sydney,1,New South Wales,AUS,Australia,8.9161,http://linked.data.gov.au/dataset/asgsed3/SA2/119011354
119011355,Chullora,0,No change,11901,Bankstown,119,Sydney - Inner South West,1GSYD,Greater Sydney,1,New South Wales,AUS,Australia,4.0501,http://linked.data.gov.au/dataset/asgsed3/SA2/119011355
119011356,Condell Park,0,No change,11901,Bankstown,119,Sydney - Inner South West,1GSYD,Greater Sydney,1,New South Wales,AUS,Australia,10.0036,http://linked.data.gov.au/dataset/asgsed3/SA2/119011356
119011358,Padstow,0,No change,11901,Bankstown,119,Sydney - Inner South West,1GSYD,Greater Sydney,1,New South Wales,AUS,Australia,6.5091,http://linked.data.gov.au/dataset/asgsed3/SA2/119011358
119011360,Revesby,0,No change,11901,Bankstown,119,Sydney - Inner South West,1GSYD,Greater Sydney,1,New South Wales,AUS,Australia,5.0925,http://linked.data.gov.au/dataset/asgsed3/SA2/119011360
119011361,Yagoona - Birrong,0,No change,11901,Bankstown,119,Sydney - Inner South West,1GSYD,Greater Sydney,1,New South Wales,AUS,Australia,5.5597,http://linked.data.gov.au/dataset/asgsed3/SA2/119011361
119011571,Bankstown - North,0,No change,11901,Bankstown,119,Sydney - Inner South West,1GSYD,Greater Sydney,1,New South Wales,AUS,Australia,2.7405,http://linked.data.gov.au/dataset/asgsed3/SA2/119011571
119011572,Bankstown - South,0,No change,11901,Bankstown,119,Sydney - Inner South West,1GSYD,Greater Sydney,1,New South Wales,AUS,Australia,4.4232,http://linked.data.gov.au/dataset/asgsed3/SA2/119011572
119011655,Greenacre - North,1,New,11901,Bankstown,119,Sydney - Inner South West,1GSYD,Greater Sydney,1,New South Wales,AUS,Australia,4.0802,http://linked.data.gov.au/dataset/asgsed3/SA2/119011655
119011656,Greenacre - South,1,New,11901,Bankstown,119,Sydney - Inner South West,1GSYD,Greater Sydney,1,New South Wales,AUS,Australia,2.9017,http://linked.data.gov.au/dataset/asgsed3/SA2/119011656
119011657,Panania (North) - Milperra,1,New,11901,Bankstown,119,Sydney - Inner South West,1GSYD,Greater Sydney,1,New South Wales,AUS,Australia,7.5649,http://linked.data.gov.au/dataset/asgsed3/SA2/119011657
119011658,Panania (South) - Picnic Point,1,New,11901,Bankstown,119,Sydney - Inner South West,1GSYD,Greater Sydney,1,New South Wales,AUS,Australia,6.8259,http://linked.data.gov.au/dataset/asgsed3/SA2/119011658
119021362,Belmore - Belfield,0,No change,11902,Canterbury,119,Sydney - Inner South West,1GSYD,Greater Sydney,1,New South Wales,AUS,Australia,4.5136,http://linked.data.gov.au/dataset/asgsed3/SA2/119021362
119021366,Punchbowl,0,No change,11902,Canterbury,119,Sydney - Inner South West,1GSYD,Greater Sydney,1,New South Wales,AUS,Australia,5.2458,http://linked.data.gov.au/dataset/asgsed3/SA2/119021366
119021367,Roselands,0,No change,11902,Canterbury,119,Sydney - Inner South West,1GSYD,Greater Sydney,1,New South Wales,AUS,Australia,3.6461,http://linked.data.gov.au/dataset/asgsed3/SA2/119021367
119021573,Lakemba,0,No change,11902,Canterbury,119,Sydney - Inner South West,1GSYD,Greater Sydney,1,New South Wales,AUS,Australia,2.1866,http://linked.data.gov.au/dataset/asgsed3/SA2/119021573
119021574,Wiley Park,0,No change,11902,Canterbury,119,Sydney - Inner South West,1GSYD,Greater Sydney,1,New South Wales,AUS,Australia,1.3933,http://linked.data.gov.au/dataset/asgsed3/SA2/119021574
119021659,Campsie - North,1,New,11902,Canterbury,119,Sydney - Inner South West,1GSYD,Greater Sydney,1,New South Wales,AUS,Australia,1.5672,http://linked.data.gov.au/dataset/asgsed3/SA2/119021659
119021660,Campsie - South,1,New,11902,Canterbury,119,Sydney - Inner South West,1GSYD,Greater Sydney,1,New South Wales,AUS,Australia,1.12,http://linked.data.gov.au/dataset/asgsed3/SA2/119021660
119021661,Canterbury - South,1,New,11902,Canterbury,119,Sydney - Inner South West,1GSYD,Greater Sydney,1,New South Wales,AUS,Australia,2.0906,http://linked.data.gov.au/dataset/asgsed3/SA2/119021661
119021662,Earlwood,1,New,11902,Canterbury,119,Sydney - Inner South West,1GSYD,Greater Sydney,1,New South Wales,AUS,Australia,5.5897,http://linked.data.gov.au/dataset/asgsed3/SA2/119021662
119021663,Kingsgrove - North,1,New,11902,Canterbury,119,Sydney - Inner South West,1GSYD,Greater Sydney,1,New South Wales,AUS,Australia,2.6119,http://linked.data.gov.au/dataset/asgsed3/SA2/119021663
119031370,Narwee - Beverly Hills,0,No change,11903,Hurstville,119,Sydney - Inner South West,1GSYD,Greater Sydney,1,New South Wales,AUS,Australia,3.3909,http://linked.data.gov.au/dataset/asgsed3/SA2/119031370
119031371,Oatley - Hurstville Grove,0,No change,11903,Hurstville,119,Sydney - Inner South West,1GSYD,Greater Sydney,1,New South Wales,AUS,Australia,4.3549,http://linked.data.gov.au/dataset/asgsed3/SA2/119031371
119031372,Peakhurst - Lugarno,0,No change,11903,Hurstville,119,Sydney - Inner South West,1GSYD,Greater Sydney,1,New South Wales,AUS,Australia,7.4721,http://linked.data.gov.au/dataset/asgsed3/SA2/119031372
119031373,Riverwood,0,No change,11903,Hurstville,119,Sydney - Inner South West,1GSYD,Greater Sydney,1,New South Wales,AUS,Australia,2.7319,http://linked.data.gov.au/dataset/asgsed3/SA2/119031373
119031374,South Hurstville - Blakehurst,0,No change,11903,Hurstville,119,Sydney - Inner South West,1GSYD,Greater Sydney,1,New South Wales,AUS,Australia,6.2406,http://linked.data.gov.au/dataset/asgsed3/SA2/119031374
119031664,Hurstville - Central,1,New,11903,Hurstville,119,Sydney - Inner South West,1GSYD,Greater Sydney,1,New South Wales,AUS,Australia,1.2264,http://linked.data.gov.au/dataset/asgsed3/SA2/119031664
119031665,Hurstville - North,1,New,11903,Hurstville,119,Sydney - Inner South West,1GSYD,Greater Sydney,1,New South Wales,AUS,Australia,2.4137,http://linked.data.gov.au/dataset/asgsed3/SA2/119031665
119031666,Mortdale - Oatley,1,New,11903,Hurstville,119,Sydney - Inner South West,1GSYD,Greater Sydney,1,New South Wales,AUS,Australia,4.4442,http://linked.data.gov.au/dataset/asgsed3/SA2/119031666
119031667,Penshurst,1,New,11903,Hurstville,119,Sydney - Inner South West,1GSYD,Greater Sydney,1,New South Wales,AUS,Australia,1.6722,http://linked.data.gov.au/dataset/asgsed3/SA2/119031667
119041377,Kingsgrove (South) - Bardwell Park,0,No change,11904,Kogarah - Rockdale,119,Sydney - Inner South West,1GSYD,Greater Sydney,1,New South Wales,AUS,Australia,3.7871,http://linked.data.gov.au/dataset/asgsed3/SA2/119041377
119041378,Kogarah,0,No change,11904,Kogarah - Rockdale,119,Sydney - Inner South West,1GSYD,Greater Sydney,1,New South Wales,AUS,Australia,2.2197,http://linked.data.gov.au/dataset/asgsed3/SA2/119041378
119041379,Kogarah Bay - Carlton - Allawah,0,No change,11904,Kogarah - Rockdale,119,Sydney - Inner South West,1GSYD,Greater Sydney,1,New South Wales,AUS,Australia,3.5033,http://linked.data.gov.au/dataset/asgsed3/SA2/119041379
119041380,Monterey - Brighton-le-Sands - Kyeemagh,0,No change,11904,Kogarah - Rockdale,119,Sydney - Inner South West,1GSYD,Greater Sydney,1,New South Wales,AUS,Australia,3.3799,http://linked.data.gov.au/dataset/asgsed3/SA2/119041380
119041381,Rockdale - Banksia,0,No change,11904,Kogarah - Rockdale,119,Sydney - Inner South West,1GSYD,Greater Sydney,1,New South Wales,AUS,Australia,3.5762,http://linked.data.gov.au/dataset/asgsed3/SA2/119041381
119041382,Sans Souci - Ramsgate,0,No change,11904,Kogarah - Rockdale,119,Sydney - Inner South West,1GSYD,Greater Sydney,1,New South Wales,AUS,Australia,4.6115,http://linked.data.gov.au/dataset/asgsed3/SA2/119041382
119041668,Arncliffe - Bardwell Valley,1,New,11904,Kogarah - Rockdale,119,Sydney - Inner South West,1GSYD,Greater Sydney,1,New South Wales,AUS,Australia,4.313,http://linked.data.gov.au/dataset/asgsed3/SA2/119041668
119041669,Bexley - North,1,New,11904,Kogarah - Rockdale,119,Sydney - Inner South West,1GSYD,Greater Sydney,1,New South Wales,AUS,Australia,2.6007,http://linked.data.gov.au/dataset/asgsed3/SA2/119041669
119041670,Bexley - South,1,New,11904,Kogarah - Rockdale,119,Sydney - Inner South West,1GSYD,Greater Sydney,1,New South Wales,AUS,Australia,2.6771,http://linked.data.gov.au/dataset/asgsed3/SA2/119041670
119041671,Wolli Creek,1,New,11904,Kogarah - Rockdale,119,Sydney - Inner South West,1GSYD,Greater Sydney,1,New South Wales,AUS,Australia,0.6795,http://linked.data.gov.au/dataset/asgsed3/SA2/119041671
120011383,Concord - Mortlake - Cabarita,0,No change,12001,Canada Bay,120,Sydney - Inner West,1GSYD,Greater Sydney,1,New South Wales,AUS,Australia,6.3199,http://linked.data.gov.au/dataset/asgsed3/SA2/120011383
120011385,Drummoyne - Rodd Point,0,No change,12001,Canada Bay,120,Sydney - Inner West,1GSYD,Greater Sydney,1,New South Wales,AUS,Australia,3.7047,http://linked.data.gov.au/dataset/asgsed3/SA2/120011385
120011386,Five Dock - Abbotsford,0,No change,12001,Canada Bay,120,Sydney - Inner West,1GSYD,Greater Sydney,1,New South Wales,AUS,Australia,4.6202,http://linked.data.gov.au/dataset/asgsed3/SA2/120011386
120011672,Concord West - North Strathfield,1,New,12001,Canada Bay,120,Sydney - Inner West,1GSYD,Greater Sydney,1,New South Wales,AUS,Australia,4.0969,http://linked.data.gov.au/dataset/asgsed3/SA2/120011672
120011673,Rhodes,1,New,12001,Canada Bay,120,Sydney - Inner West,1GSYD,Greater Sydney,1,New South Wales,AUS,Australia,1.006,http://linked.data.gov.au/dataset/asgsed3/SA2/120011673
120021387,Balmain,0,No change,12002,Leichhardt,120,Sydney - Inner West,1GSYD,Greater Sydney,1,New South Wales,AUS,Australia,2.5815,http://linked.data.gov.au/dataset/asgsed3/SA2/120021387
120021389,Lilyfield - Rozelle,0,No change,12002,Leichhardt,120,Sydney - Inner West,1GSYD,Greater Sydney,1,New South Wales,AUS,Australia,3.6039,http://linked.data.gov.au/dataset/asgsed3/SA2/120021389
120021674,Annandale (NSW),1,New,12002,Leichhardt,120,Sydney - Inner West,1GSYD,Greater Sydney,1,New South Wales,AUS,Australia,1.4885,http://linked.data.gov.au/dataset/asgsed3/SA2/120021674
120021675,Leichhardt,1,New,12002,Leichhardt,120,Sydney - Inner West,1GSYD,Greater Sydney,1,New South Wales,AUS,Australia,2.9838,http://linked.data.gov.au/dataset/asgsed3/SA2/120021675
120031392,Canterbury (North) - Ashbury,0,No change,12003,Strathfield - Burwood - Ashfield,120,Sydney - Inner West,1GSYD,Greater Sydney,1,New South Wales,AUS,Australia,3.0278,http://linked.data.gov.au/dataset/asgsed3/SA2/120031392
120031393,Croydon Park - Enfield,0,No change,12003,Strathfield - Burwood - Ashfield,120,Sydney - Inner West,1GSYD,Greater Sydney,1,New South Wales,AUS,Australia,3.9711,http://linked.data.gov.au/dataset/asgsed3/SA2/120031393
120031394,Dulwich Hill - Lewisham,0,No change,12003,Strathfield - Burwood - Ashfield,120,Sydney - Inner West,1GSYD,Greater Sydney,1,New South Wales,AUS,Australia,2.7016,http://linked.data.gov.au/dataset/asgsed3/SA2/120031394
120031395,Haberfield - Summer Hill,0,No change,12003,Strathfield - Burwood - Ashfield,120,Sydney - Inner West,1GSYD,Greater Sydney,1,New South Wales,AUS,Australia,3.4746,http://linked.data.gov.au/dataset/asgsed3/SA2/120031395
120031396,Homebush,0,No change,12003,Strathfield - Burwood - Ashfield,120,Sydney - Inner West,1GSYD,Greater Sydney,1,New South Wales,AUS,Australia,3.8432,http://linked.data.gov.au/dataset/asgsed3/SA2/120031396
120031576,Strathfield South,0,No change,12003,Strathfield - Burwood - Ashfield,120,Sydney - Inner West,1GSYD,Greater Sydney,1,New South Wales,AUS,Australia,2.5112,http://linked.data.gov.au/dataset/asgsed3/SA2/120031576
120031676,Ashfield - North,1,New,12003,Strathfield - Burwood - Ashfield,120,Sydney - Inner West,1GSYD,Greater Sydney,1,New South Wales,AUS,Australia,1.5609,http://linked.data.gov.au/dataset/asgsed3/SA2/120031676
120031677,Ashfield - South,1,New,12003,Strathfield - Burwood - Ashfield,120,Sydney - Inner West,1GSYD,Greater Sydney,1,New South Wales,AUS,Australia,2.1091,http://linked.data.gov.au/dataset/asgsed3/SA2/120031677
120031678,Burwood (NSW),1,New,12003,Strathfield - Burwood - Ashfield,120,Sydney - Inner West,1GSYD,Greater Sydney,1,New South Wales,AUS,Australia,1.905,http://linked.data.gov.au/dataset/asgsed3/SA2/120031678
120031679,Croydon,1,New,12003,Strathfield - Burwood - Ashfield,120,Sydney - Inner West,1GSYD,Greater Sydney,1,New South Wales,AUS,Australia,2.5877,http://linked.data.gov.au/dataset/asgsed3/SA2/120031679
120031680,Strathfield - East,1,New,12003,Strathfield - Burwood - Ashfield,120,Sydney - Inner West,1GSYD,Greater Sydney,1,New South Wales,AUS,Australia,2.5414,http://linked.data.gov.au/dataset/asgsed3/SA2/120031680
120031681,Strathfield - West,1,New,12003,Strathfield - Burwood - Ashfield,120,Sydney - Inner West,1GSYD,Greater Sydney,1,New South Wales,AUS,Australia,3.9101,http://linked.data.gov.au/dataset/asgsed3/SA2/120031681
121011399,Chatswood (West) - Lane Cove North,0,No change,12101,Chatswood - Lane Cove,121,Sydney - North Sydney and Hornsby,1GSYD,Greater Sydney,1,New South Wales,AUS,Australia,5.5372,http://linked.data.gov.au/dataset/asgsed3/SA2/121011399
121011401,St Leonards - Naremburn,0,No change,12101,Chatswood - Lane Cove,121,Sydney - North Sydney and Hornsby,1GSYD,Greater Sydney,1,New South Wales,AUS,Australia,2.761,http://linked.data.gov.au/dataset/asgsed3/SA2/121011401
121011682,Artarmon,1,New,12101,Chatswood - Lane Cove,121,Sydney - North Sydney and Hornsby,1GSYD,Greater Sydney,1,New South Wales,AUS,Australia,1.6583,http://linked.data.gov.au/dataset/asgsed3/SA2/121011682
121011683,Castle Cove - Northbridge,1,New,12101,Chatswood - Lane Cove,121,Sydney - North Sydney and Hornsby,1GSYD,Greater Sydney,1,New South Wales,AUS,Australia,7.6847,http://linked.data.gov.au/dataset/asgsed3/SA2/121011683
121011684,Chatswood - East,1,New,12101,Chatswood - Lane Cove,121,Sydney - North Sydney and Hornsby,1GSYD,Greater Sydney,1,New South Wales,AUS,Australia,3.4093,http://linked.data.gov.au/dataset/asgsed3/SA2/121011684
121011685,Greenwich - Riverview,1,New,12101,Chatswood - Lane Cove,121,Sydney - North Sydney and Hornsby,1GSYD,Greater Sydney,1,New South Wales,AUS,Australia,4.5871,http://linked.data.gov.au/dataset/asgsed3/SA2/121011685
121011686,Lane Cove,1,New,12101,Chatswood - Lane Cove,121,Sydney - North Sydney and Hornsby,1GSYD,Greater Sydney,1,New South Wales,AUS,Australia,4.4686,http://linked.data.gov.au/dataset/asgsed3/SA2/121011686
121011687,Willoughby,1,New,12101,Chatswood - Lane Cove,121,Sydney - North Sydney and Hornsby,1GSYD,Greater Sydney,1,New South Wales,AUS,Australia,3.0671,http://linked.data.gov.au/dataset/asgsed3/SA2/121011687
121021403,Asquith - Mount Colah,0,No change,12102,Hornsby,121,Sydney - North Sydney and Hornsby,1GSYD,Greater Sydney,1,New South Wales,AUS,Australia,34.6889,http://linked.data.gov.au/dataset/asgsed3/SA2/121021403
121021404,Berowra - Brooklyn - Cowan,0,No change,12102,Hornsby,121,Sydney - North Sydney and Hornsby,1GSYD,Greater Sydney,1,New South Wales,AUS,Australia,81.7548,http://linked.data.gov.au/dataset/asgsed3/SA2/121021404
121021406,Normanhurst - Thornleigh - Westleigh,0,No change,12102,Hornsby,121,Sydney - North Sydney and Hornsby,1GSYD,Greater Sydney,1,New South Wales,AUS,Australia,9.9882,http://linked.data.gov.au/dataset/asgsed3/SA2/121021406
121021577,Hornsby - East,0,No change,12102,Hornsby,121,Sydney - North Sydney and Hornsby,1GSYD,Greater Sydney,1,New South Wales,AUS,Australia,2.5688,http://linked.data.gov.au/dataset/asgsed3/SA2/121021577
121021578,Hornsby - West,0,No change,12102,Hornsby,121,Sydney - North Sydney and Hornsby,1GSYD,Greater Sydney,1,New South Wales,AUS,Australia,6.2858,http://linked.data.gov.au/dataset/asgsed3/SA2/121021578
121021579,Wahroonga (West) - Waitara,3,Name change,12102,Hornsby,121,Sydney - North Sydney and Hornsby,1GSYD,Greater Sydney,1,New South Wales,AUS,Australia,2.1124,http://linked.data.gov.au/dataset/asgsed3/SA2/121021579
121031407,Gordon - Killara,0,No change,12103,Ku-ring-gai,121,Sydney - North Sydney and Hornsby,1GSYD,Greater Sydney,1,New South Wales,AUS,Australia,11.6713,http://linked.data.gov.au/dataset/asgsed3/SA2/121031407
121031408,Lindfield - Roseville,0,No change,12103,Ku-ring-gai,121,Sydney - North Sydney and Hornsby,1GSYD,Greater Sydney,1,New South Wales,AUS,Australia,11.8765,http://linked.data.gov.au/dataset/asgsed3/SA2/121031408
121031409,Pymble,0,No change,12103,Ku-ring-gai,121,Sydney - North Sydney and Hornsby,1GSYD,Greater Sydney,1,New South Wales,AUS,Australia,10.2515,http://linked.data.gov.au/dataset/asgsed3/SA2/121031409
121031410,St Ives,0,No change,12103,Ku-ring-gai,121,Sydney - North Sydney and Hornsby,1GSYD,Greater Sydney,1,New South Wales,AUS,Australia,17.7774,http://linked.data.gov.au/dataset/asgsed3/SA2/121031410
121031411,Turramurra,0,No change,12103,Ku-ring-gai,121,Sydney - North Sydney and Hornsby,1GSYD,Greater Sydney,1,New South Wales,AUS,Australia,20.6426,http://linked.data.gov.au/dataset/asgsed3/SA2/121031411
121031412,Wahroonga (East) - Warrawee,0,No change,12103,Ku-ring-gai,121,Sydney - North Sydney and Hornsby,1GSYD,Greater Sydney,1,New South Wales,AUS,Australia,13.327,http://linked.data.gov.au/dataset/asgsed3/SA2/121031412
121041413,Cremorne - Cammeray,0,No change,12104,North Sydney - Mosman,121,Sydney - North Sydney and Hornsby,1GSYD,Greater Sydney,1,New South Wales,AUS,Australia,3.238,http://linked.data.gov.au/dataset/asgsed3/SA2/121041413
121041414,Crows Nest - Waverton,0,No change,12104,North Sydney - Mosman,121,Sydney - North Sydney and Hornsby,1GSYD,Greater Sydney,1,New South Wales,AUS,Australia,2.9668,http://linked.data.gov.au/dataset/asgsed3/SA2/121041414
121041416,Neutral Bay - Kirribilli,0,No change,12104,North Sydney - Mosman,121,Sydney - North Sydney and Hornsby,1GSYD,Greater Sydney,1,New South Wales,AUS,Australia,2.2116,http://linked.data.gov.au/dataset/asgsed3/SA2/121041416
121041417,North Sydney - Lavender Bay,0,No change,12104,North Sydney - Mosman,121,Sydney - North Sydney and Hornsby,1GSYD,Greater Sydney,1,New South Wales,AUS,Australia,1.9142,http://linked.data.gov.au/dataset/asgsed3/SA2/121041417
121041688,Mosman - North,1,New,12104,North Sydney - Mosman,121,Sydney - North Sydney and Hornsby,1GSYD,Greater Sydney,1,New South Wales,AUS,Australia,3.2831,http://linked.data.gov.au/dataset/asgsed3/SA2/121041688
121041689,Mosman - South,1,New,12104,North Sydney - Mosman,121,Sydney - North Sydney and Hornsby,1GSYD,Greater Sydney,1,New South Wales,AUS,Australia,5.3672,http://linked.data.gov.au/dataset/asgsed3/SA2/121041689
122011418,Balgowlah - Clontarf - Seaforth,0,No change,12201,Manly,122,Sydney - Northern Beaches,1GSYD,Greater Sydney,1,New South Wales,AUS,Australia,7.6104,http://linked.data.gov.au/dataset/asgsed3/SA2/122011418
122011419,Manly - Fairlight,0,No change,12201,Manly,122,Sydney - Northern Beaches,1GSYD,Greater Sydney,1,New South Wales,AUS,Australia,6.7351,http://linked.data.gov.au/dataset/asgsed3/SA2/122011419
122021420,Avalon - Palm Beach,0,No change,12202,Pittwater,122,Sydney - Northern Beaches,1GSYD,Greater Sydney,1,New South Wales,AUS,Australia,8.6057,http://linked.data.gov.au/dataset/asgsed3/SA2/122021420
122021421,Bayview - Elanora Heights,0,No change,12202,Pittwater,122,Sydney - Northern Beaches,1GSYD,Greater Sydney,1,New South Wales,AUS,Australia,64.583,http://linked.data.gov.au/dataset/asgsed3/SA2/122021421
122021422,Newport - Bilgola,0,No change,12202,Pittwater,122,Sydney - Northern Beaches,1GSYD,Greater Sydney,1,New South Wales,AUS,Australia,5.798,http://linked.data.gov.au/dataset/asgsed3/SA2/122021422
122021690,Mona Vale - Warriewood (North),1,New,12202,Pittwater,122,Sydney - Northern Beaches,1GSYD,Greater Sydney,1,New South Wales,AUS,Australia,6.4617,http://linked.data.gov.au/dataset/asgsed3/SA2/122021690
122021691,North Narrabeen - Warriewood (South),1,New,12202,Pittwater,122,Sydney - Northern Beaches,1GSYD,Greater Sydney,1,New South Wales,AUS,Australia,5.201,http://linked.data.gov.au/dataset/asgsed3/SA2/122021691
122031424,Beacon Hill - Narraweena,0,No change,12203,Warringah,122,Sydney - Northern Beaches,1GSYD,Greater Sydney,1,New South Wales,AUS,Australia,4.3406,http://linked.data.gov.au/dataset/asgsed3/SA2/122031424
122031425,Cromer,0,No change,12203,Warringah,122,Sydney - Northern Beaches,1GSYD,Greater Sydney,1,New South Wales,AUS,Australia,7.4915,http://linked.data.gov.au/dataset/asgsed3/SA2/122031425
122031427,Forestville - Killarney Heights,0,No change,12203,Warringah,122,Sydney - Northern Beaches,1GSYD,Greater Sydney,1,New South Wales,AUS,Australia,8.9311,http://linked.data.gov.au/dataset/asgsed3/SA2/122031427
122031429,Freshwater - Brookvale,0,No change,12203,Warringah,122,Sydney - Northern Beaches,1GSYD,Greater Sydney,1,New South Wales,AUS,Australia,7.1838,http://linked.data.gov.au/dataset/asgsed3/SA2/122031429
122031430,Manly Vale - Allambie Heights,0,No change,12203,Warringah,122,Sydney - Northern Beaches,1GSYD,Greater Sydney,1,New South Wales,AUS,Australia,9.3541,http://linked.data.gov.au/dataset/asgsed3/SA2/122031430
122031432,Terrey Hills - Duffys Forest,0,No change,12203,Warringah,122,Sydney - Northern Beaches,1GSYD,Greater Sydney,1,New South Wales,AUS,Australia,70.5438,http://linked.data.gov.au/dataset/asgsed3/SA2/122031432
122031692,Belrose,1,New,12203,Warringah,122,Sydney - Northern Beaches,1GSYD,Greater Sydney,1,New South Wales,AUS,Australia,13.4385,http://linked.data.gov.au/dataset/asgsed3/SA2/122031692
122031693,Collaroy - Collaroy Plateau,1,New,12203,Warringah,122,Sydney - Northern Beaches,1GSYD,Greater Sydney,1,New South Wales,AUS,Australia,4.1295,http://linked.data.gov.au/dataset/asgsed3/SA2/122031693
122031694,Dee Why (South) - North Curl Curl,1,New,12203,Warringah,122,Sydney - Northern Beaches,1GSYD,Greater Sydney,1,New South Wales,AUS,Australia,1.9915,http://linked.data.gov.au/dataset/asgsed3/SA2/122031694
122031695,Dee Why - North,1,New,12203,Warringah,122,Sydney - Northern Beaches,1GSYD,Greater Sydney,1,New South Wales,AUS,Australia,2.0816,http://linked.data.gov.au/dataset/asgsed3/SA2/122031695
122031696,Frenchs Forest - Oxford Falls,1,New,12203,Warringah,122,Sydney - Northern Beaches,1GSYD,Greater Sydney,1,New South Wales,AUS,Australia,16.6936,http://linked.data.gov.au/dataset/asgsed3/SA2/122031696
122031697,Narrabeen - Wheeler Heights,1,New,12203,Warringah,122,Sydney - Northern Beaches,1GSYD,Greater Sydney,1,New South Wales,AUS,Australia,3.0327,http://linked.data.gov.au/dataset/asgsed3/SA2/122031697
123011433,Camden - Ellis Lane,0,No change,12301,Camden,123,Sydney - Outer South West,1GSYD,Greater Sydney,1,New South Wales,AUS,Australia,26.1934,http://linked.data.gov.au/dataset/asgsed3/SA2/123011433
123011698,Currans Hill,1,New,12301,Camden,123,Sydney - Outer South West,1GSYD,Greater Sydney,1,New South Wales,AUS,Australia,7.0704,http://linked.data.gov.au/dataset/asgsed3/SA2/123011698
123011699,Elderslie - Narellan,1,New,12301,Camden,123,Sydney - Outer South West,1GSYD,Greater Sydney,1,New South Wales,AUS,Australia,15.3086,http://linked.data.gov.au/dataset/asgsed3/SA2/123011699
123011700,Harrington Park,1,New,12301,Camden,123,Sydney - Outer South West,1GSYD,Greater Sydney,1,New South Wales,AUS,Australia,6.2329,http://linked.data.gov.au/dataset/asgsed3/SA2/123011700
123011701,Mount Annan,1,New,12301,Camden,123,Sydney - Outer South West,1GSYD,Greater Sydney,1,New South Wales,AUS,Australia,13.2044,http://linked.data.gov.au/dataset/asgsed3/SA2/123011701
123011702,Spring Farm,1,New,12301,Camden,123,Sydney - Outer South West,1GSYD,Greater Sydney,1,New South Wales,AUS,Australia,5.8595,http://linked.data.gov.au/dataset/asgsed3/SA2/123011702
123021436,Bradbury - Wedderburn,0,No change,12302,Campbelltown (NSW),123,Sydney - Outer South West,1GSYD,Greater Sydney,1,New South Wales,AUS,Australia,36.6552,http://linked.data.gov.au/dataset/asgsed3/SA2/123021436
123021437,Campbelltown - Woodbine,0,No change,12302,Campbelltown (NSW),123,Sydney - Outer South West,1GSYD,Greater Sydney,1,New South Wales,AUS,Australia,13.7477,http://linked.data.gov.au/dataset/asgsed3/SA2/123021437
123021438,Claymore - Eagle Vale - Raby,0,No change,12302,Campbelltown (NSW),123,Sydney - Outer South West,1GSYD,Greater Sydney,1,New South Wales,AUS,Australia,22.9252,http://linked.data.gov.au/dataset/asgsed3/SA2/123021438
123021439,Holsworthy Military Area,0,No change,12302,Campbelltown (NSW),123,Sydney - Outer South West,1GSYD,Greater Sydney,1,New South Wales,AUS,Australia,129.823,http://linked.data.gov.au/dataset/asgsed3/SA2/123021439
123021441,Leumeah - Minto Heights,0,No change,12302,Campbelltown (NSW),123,Sydney - Outer South West,1GSYD,Greater Sydney,1,New South Wales,AUS,Australia,23.6461,http://linked.data.gov.au/dataset/asgsed3/SA2/123021441
123021443,Minto - St Andrews,0,No change,12302,Campbelltown (NSW),123,Sydney - Outer South West,1GSYD,Greater Sydney,1,New South Wales,AUS,Australia,12.4133,http://linked.data.gov.au/dataset/asgsed3/SA2/123021443
123021444,Rosemeadow - Glen Alpine,0,No change,12302,Campbelltown (NSW),123,Sydney - Outer South West,1GSYD,Greater Sydney,1,New South Wales,AUS,Australia,48.0827,http://linked.data.gov.au/dataset/asgsed3/SA2/123021444
123021703,Denham Court - Bardia,1,New,12302,Campbelltown (NSW),123,Sydney - Outer South West,1GSYD,Greater Sydney,1,New South Wales,AUS,Australia,15.5853,http://linked.data.gov.au/dataset/asgsed3/SA2/123021703
123021704,Glenfield,1,New,12302,Campbelltown (NSW),123,Sydney - Outer South West,1GSYD,Greater Sydney,1,New South Wales,AUS,Australia,6.9946,http://linked.data.gov.au/dataset/asgsed3/SA2/123021704
123021705,Ingleburn,1,New,12302,Campbelltown (NSW),123,Sydney - Outer South West,1GSYD,Greater Sydney,1,New South Wales,AUS,Australia,14.1156,http://linked.data.gov.au/dataset/asgsed3/SA2/123021705
123021706,Macquarie Fields,1,New,12302,Campbelltown (NSW),123,Sydney - Outer South West,1GSYD,Greater Sydney,1,New South Wales,AUS,Australia,9.0236,http://linked.data.gov.au/dataset/asgsed3/SA2/123021706
123031445,Bargo,0,No change,12303,Wollondilly,123,Sydney - Outer South West,1GSYD,Greater Sydney,1,New South Wales,AUS,Australia,67.7705,http://linked.data.gov.au/dataset/asgsed3/SA2/123031445
123031446,Douglas Park - Appin,0,No change,12303,Wollondilly,123,Sydney - Outer South West,1GSYD,Greater Sydney,1,New South Wales,AUS,Australia,289.946,http://linked.data.gov.au/dataset/asgsed3/SA2/123031446
123031447,Picton - Tahmoor - Buxton,0,No change,12303,Wollondilly,123,Sydney - Outer South West,1GSYD,Greater Sydney,1,New South Wales,AUS,Australia,189.9087,http://linked.data.gov.au/dataset/asgsed3/SA2/123031447
123031448,The Oaks - Oakdale,0,No change,12303,Wollondilly,123,Sydney - Outer South West,1GSYD,Greater Sydney,1,New South Wales,AUS,Australia,322.7354,http://linked.data.gov.au/dataset/asgsed3/SA2/123031448
124011449,Blackheath - Megalong Valley,0,No change,12401,Blue Mountains,124,Sydney - Outer West and Blue Mountains,1GSYD,Greater Sydney,1,New South Wales,AUS,Australia,139.2166,http://linked.data.gov.au/dataset/asgsed3/SA2/124011449
124011450,Blaxland - Warrimoo - Lapstone,0,No change,12401,Blue Mountains,124,Sydney - Outer West and Blue Mountains,1GSYD,Greater Sydney,1,New South Wales,AUS,Australia,29.6935,http://linked.data.gov.au/dataset/asgsed3/SA2/124011450
124011451,Blue Mountains - North,0,No change,12401,Blue Mountains,124,Sydney - Outer West and Blue Mountains,1GSYD,Greater Sydney,1,New South Wales,AUS,Australia,595.0366,http://linked.data.gov.au/dataset/asgsed3/SA2/124011451
124011452,Katoomba - Leura,0,No change,12401,Blue Mountains,124,Sydney - Outer West and Blue Mountains,1GSYD,Greater Sydney,1,New South Wales,AUS,Australia,40.8734,http://linked.data.gov.au/dataset/asgsed3/SA2/124011452
124011453,Lawson - Hazelbrook - Linden,0,No change,12401,Blue Mountains,124,Sydney - Outer West and Blue Mountains,1GSYD,Greater Sydney,1,New South Wales,AUS,Australia,46.8873,http://linked.data.gov.au/dataset/asgsed3/SA2/124011453
124011454,Springwood - Winmalee,0,No change,12401,Blue Mountains,124,Sydney - Outer West and Blue Mountains,1GSYD,Greater Sydney,1,New South Wales,AUS,Australia,69.6647,http://linked.data.gov.au/dataset/asgsed3/SA2/124011454
124011455,Wentworth Falls,0,No change,12401,Blue Mountains,124,Sydney - Outer West and Blue Mountains,1GSYD,Greater Sydney,1,New South Wales,AUS,Australia,21.0358,http://linked.data.gov.au/dataset/asgsed3/SA2/124011455
124021456,Blue Mountains - South,0,No change,12402,Blue Mountains - South,124,Sydney - Outer West and Blue Mountains,1GSYD,Greater Sydney,1,New South Wales,AUS,Australia,2456.9093,http://linked.data.gov.au/dataset/asgsed3/SA2/124021456
124031457,Cambridge Park,0,No change,12403,Penrith,124,Sydney - Outer West and Blue Mountains,1GSYD,Greater Sydney,1,New South Wales,AUS,Australia,6.5871,http://linked.data.gov.au/dataset/asgsed3/SA2/124031457
124031459,Emu Plains - Leonay,0,No change,12403,Penrith,124,Sydney - Outer West and Blue Mountains,1GSYD,Greater Sydney,1,New South Wales,AUS,Australia,13.794,http://linked.data.gov.au/dataset/asgsed3/SA2/124031459
124031460,Glenmore Park - Regentville,0,No change,12403,Penrith,124,Sydney - Outer West and Blue Mountains,1GSYD,Greater Sydney,1,New South Wales,AUS,Australia,9.233,http://linked.data.gov.au/dataset/asgsed3/SA2/124031460
124031461,Jamisontown - South Penrith,0,No change,12403,Penrith,124,Sydney - Outer West and Blue Mountains,1GSYD,Greater Sydney,1,New South Wales,AUS,Australia,9.0181,http://linked.data.gov.au/dataset/asgsed3/SA2/124031461
124031462,Kingswood - Werrington,0,No change,12403,Penrith,124,Sydney - Outer West and Blue Mountains,1GSYD,Greater Sydney,1,New South Wales,AUS,Australia,14.023,http://linked.data.gov.au/dataset/asgsed3/SA2/124031462
124031463,Mulgoa - Luddenham - Orchard Hills,0,No change,12403,Penrith,124,Sydney - Outer West and Blue Mountains,1GSYD,Greater Sydney,1,New South Wales,AUS,Australia,158.6777,http://linked.data.gov.au/dataset/asgsed3/SA2/124031463
124031464,Penrith,0,No change,12403,Penrith,124,Sydney - Outer West and Blue Mountains,1GSYD,Greater Sydney,1,New South Wales,AUS,Australia,10.3945,http://linked.data.gov.au/dataset/asgsed3/SA2/124031464
124031465,Warragamba - Silverdale,0,No change,12403,Penrith,124,Sydney - Outer West and Blue Mountains,1GSYD,Greater Sydney,1,New South Wales,AUS,Australia,63.6142,http://linked.data.gov.au/dataset/asgsed3/SA2/124031465
124031707,Cranebrook - Castlereagh,1,New,12403,Penrith,124,Sydney - Outer West and Blue Mountains,1GSYD,Greater Sydney,1,New South Wales,AUS,Australia,48.9014,http://linked.data.gov.au/dataset/asgsed3/SA2/124031707
124031708,Jordan Springs - Llandilo,1,New,12403,Penrith,124,Sydney - Outer West and Blue Mountains,1GSYD,Greater Sydney,1,New South Wales,AUS,Australia,22.616,http://linked.data.gov.au/dataset/asgsed3/SA2/124031708
124041466,Richmond - Clarendon,0,No change,12404,Richmond - Windsor,124,Sydney - Outer West and Blue Mountains,1GSYD,Greater Sydney,1,New South Wales,AUS,Australia,74.6728,http://linked.data.gov.au/dataset/asgsed3/SA2/124041466
124041467,Windsor - Bligh Park,0,No change,12404,Richmond - Windsor,124,Sydney - Outer West and Blue Mountains,1GSYD,Greater Sydney,1,New South Wales,AUS,Australia,22.73,http://linked.data.gov.au/dataset/asgsed3/SA2/124041467
124041468,Yarramundi - Londonderry,0,No change,12404,Richmond - Windsor,124,Sydney - Outer West and Blue Mountains,1GSYD,Greater Sydney,1,New South Wales,AUS,Australia,81.4358,http://linked.data.gov.au/dataset/asgsed3/SA2/124041468
124051469,Erskine Park,0,No change,12405,St Marys,124,Sydney - Outer West and Blue Mountains,1GSYD,Greater Sydney,1,New South Wales,AUS,Australia,8.3944,http://linked.data.gov.au/dataset/asgsed3/SA2/124051469
124051470,St Clair,0,No change,12405,St Marys,124,Sydney - Outer West and Blue Mountains,1GSYD,Greater Sydney,1,New South Wales,AUS,Australia,7.2035,http://linked.data.gov.au/dataset/asgsed3/SA2/124051470
124051580,Colyton - Oxley Park,0,No change,12405,St Marys,124,Sydney - Outer West and Blue Mountains,1GSYD,Greater Sydney,1,New South Wales,AUS,Australia,4.6521,http://linked.data.gov.au/dataset/asgsed3/SA2/124051580
124051581,St Marys - North St Marys,0,No change,12405,St Marys,124,Sydney - Outer West and Blue Mountains,1GSYD,Greater Sydney,1,New South Wales,AUS,Australia,12.8646,http://linked.data.gov.au/dataset/asgsed3/SA2/124051581
125011475,Rookwood Cemetery,0,No change,12501,Auburn,125,Sydney - Parramatta,1GSYD,Greater Sydney,1,New South Wales,AUS,Australia,3.015,http://linked.data.gov.au/dataset/asgsed3/SA2/125011475
125011582,Auburn - Central,0,No change,12501,Auburn,125,Sydney - Parramatta,1GSYD,Greater Sydney,1,New South Wales,AUS,Australia,3.7326,http://linked.data.gov.au/dataset/asgsed3/SA2/125011582
125011583,Auburn - North,0,No change,12501,Auburn,125,Sydney - Parramatta,1GSYD,Greater Sydney,1,New South Wales,AUS,Australia,2.0966,http://linked.data.gov.au/dataset/asgsed3/SA2/125011583
125011584,Auburn - South,0,No change,12501,Auburn,125,Sydney - Parramatta,1GSYD,Greater Sydney,1,New South Wales,AUS,Australia,2.4313,http://linked.data.gov.au/dataset/asgsed3/SA2/125011584
125011585,Berala,0,No change,12501,Auburn,125,Sydney - Parramatta,1GSYD,Greater Sydney,1,New South Wales,AUS,Australia,2.0865,http://linked.data.gov.au/dataset/asgsed3/SA2/125011585
125011586,Lidcombe,0,No change,12501,Auburn,125,Sydney - Parramatta,1GSYD,Greater Sydney,1,New South Wales,AUS,Australia,6.4036,http://linked.data.gov.au/dataset/asgsed3/SA2/125011586
125011587,Regents Park,0,No change,12501,Auburn,125,Sydney - Parramatta,1GSYD,Greater Sydney,1,New South Wales,AUS,Australia,2.0325,http://linked.data.gov.au/dataset/asgsed3/SA2/125011587
125011709,Silverwater - Newington,1,New,12501,Auburn,125,Sydney - Parramatta,1GSYD,Greater Sydney,1,New South Wales,AUS,Australia,3.934,http://linked.data.gov.au/dataset/asgsed3/SA2/125011709
125011710,Wentworth Point - Sydney Olympic Park,1,New,12501,Auburn,125,Sydney - Parramatta,1GSYD,Greater Sydney,1,New South Wales,AUS,Australia,7.3279,http://linked.data.gov.au/dataset/asgsed3/SA2/125011710
125021477,Ermington - Rydalmere,0,No change,12502,Carlingford,125,Sydney - Parramatta,1GSYD,Greater Sydney,1,New South Wales,AUS,Australia,9.8655,http://linked.data.gov.au/dataset/asgsed3/SA2/125021477
125021478,Oatlands - Dundas Valley,0,No change,12502,Carlingford,125,Sydney - Parramatta,1GSYD,Greater Sydney,1,New South Wales,AUS,Australia,6.0763,http://linked.data.gov.au/dataset/asgsed3/SA2/125021478
125021711,Carlingford - East,1,New,12502,Carlingford,125,Sydney - Parramatta,1GSYD,Greater Sydney,1,New South Wales,AUS,Australia,3.7288,http://linked.data.gov.au/dataset/asgsed3/SA2/125021711
125021712,Carlingford - West,1,New,12502,Carlingford,125,Sydney - Parramatta,1GSYD,Greater Sydney,1,New South Wales,AUS,Australia,6.0167,http://linked.data.gov.au/dataset/asgsed3/SA2/125021712
125031479,Chester Hill - Sefton,0,No change,12503,Merrylands - Guildford,125,Sydney - Parramatta,1GSYD,Greater Sydney,1,New South Wales,AUS,Australia,7.2676,http://linked.data.gov.au/dataset/asgsed3/SA2/125031479
125031480,Fairfield - East,0,No change,12503,Merrylands - Guildford,125,Sydney - Parramatta,1GSYD,Greater Sydney,1,New South Wales,AUS,Australia,5.7115,http://linked.data.gov.au/dataset/asgsed3/SA2/125031480
125031481,Granville - Clyde,0,No change,12503,Merrylands - Guildford,125,Sydney - Parramatta,1GSYD,Greater Sydney,1,New South Wales,AUS,Australia,5.6086,http://linked.data.gov.au/dataset/asgsed3/SA2/125031481
125031483,Guildford - South Granville,0,No change,12503,Merrylands - Guildford,125,Sydney - Parramatta,1GSYD,Greater Sydney,1,New South Wales,AUS,Australia,6.7962,http://linked.data.gov.au/dataset/asgsed3/SA2/125031483
125031484,Guildford West - Merrylands West,0,No change,12503,Merrylands - Guildford,125,Sydney - Parramatta,1GSYD,Greater Sydney,1,New South Wales,AUS,Australia,5.4654,http://linked.data.gov.au/dataset/asgsed3/SA2/125031484
125031486,Smithfield Industrial,0,No change,12503,Merrylands - Guildford,125,Sydney - Parramatta,1GSYD,Greater Sydney,1,New South Wales,AUS,Australia,4.3017,http://linked.data.gov.au/dataset/asgsed3/SA2/125031486
125031487,Yennora Industrial,0,No change,12503,Merrylands - Guildford,125,Sydney - Parramatta,1GSYD,Greater Sydney,1,New South Wales,AUS,Australia,2.0787,http://linked.data.gov.au/dataset/asgsed3/SA2/125031487
125031713,Greystanes - South,1,New,12503,Merrylands - Guildford,125,Sydney - Parramatta,1GSYD,Greater Sydney,1,New South Wales,AUS,Australia,5.6504,http://linked.data.gov.au/dataset/asgsed3/SA2/125031713
125031714,Merrylands - Holroyd,1,New,12503,Merrylands - Guildford,125,Sydney - Parramatta,1GSYD,Greater Sydney,1,New South Wales,AUS,Australia,4.9525,http://linked.data.gov.au/dataset/asgsed3/SA2/125031714
125031715,Pemulwuy - Greystanes (North),1,New,12503,Merrylands - Guildford,125,Sydney - Parramatta,1GSYD,Greater Sydney,1,New South Wales,AUS,Australia,7.3982,http://linked.data.gov.au/dataset/asgsed3/SA2/125031715
125031716,South Wentworthville,1,New,12503,Merrylands - Guildford,125,Sydney - Parramatta,1GSYD,Greater Sydney,1,New South Wales,AUS,Australia,1.7661,http://linked.data.gov.au/dataset/asgsed3/SA2/125031716
125041489,North Parramatta,0,No change,12504,Parramatta,125,Sydney - Parramatta,1GSYD,Greater Sydney,1,New South Wales,AUS,Australia,7.0608,http://linked.data.gov.au/dataset/asgsed3/SA2/125041489
125041490,North Rocks,0,No change,12504,Parramatta,125,Sydney - Parramatta,1GSYD,Greater Sydney,1,New South Wales,AUS,Australia,5.3762,http://linked.data.gov.au/dataset/asgsed3/SA2/125041490
125041491,Northmead,0,No change,12504,Parramatta,125,Sydney - Parramatta,1GSYD,Greater Sydney,1,New South Wales,AUS,Australia,5.9331,http://linked.data.gov.au/dataset/asgsed3/SA2/125041491
125041493,Toongabbie - Constitution Hill,0,No change,12504,Parramatta,125,Sydney - Parramatta,1GSYD,Greater Sydney,1,New South Wales,AUS,Australia,7.4795,http://linked.data.gov.au/dataset/asgsed3/SA2/125041493
125041494,Winston Hills,0,No change,12504,Parramatta,125,Sydney - Parramatta,1GSYD,Greater Sydney,1,New South Wales,AUS,Australia,4.3479,http://linked.data.gov.au/dataset/asgsed3/SA2/125041494
125041588,Pendle Hill - Girraween,0,No change,12504,Parramatta,125,Sydney - Parramatta,1GSYD,Greater Sydney,1,New South Wales,AUS,Australia,4.4615,http://linked.data.gov.au/dataset/asgsed3/SA2/125041588
125041589,Wentworthville - Westmead,0,No change,12504,Parramatta,125,Sydney - Parramatta,1GSYD,Greater Sydney,1,New South Wales,AUS,Australia,3.9355,http://linked.data.gov.au/dataset/asgsed3/SA2/125041589
125041717,Parramatta - North,1,New,12504,Parramatta,125,Sydney - Parramatta,1GSYD,Greater Sydney,1,New South Wales,AUS,Australia,2.2343,http://linked.data.gov.au/dataset/asgsed3/SA2/125041717
125041718,Parramatta - South,1,New,12504,Parramatta,125,Sydney - Parramatta,1GSYD,Greater Sydney,1,New South Wales,AUS,Australia,1.3881,http://linked.data.gov.au/dataset/asgsed3/SA2/125041718
125041719,Rosehill - Harris Park,1,New,12504,Parramatta,125,Sydney - Parramatta,1GSYD,Greater Sydney,1,New South Wales,AUS,Australia,4.8739,http://linked.data.gov.au/dataset/asgsed3/SA2/125041719
126011496,Pennant Hills - Cheltenham,0,No change,12601,Pennant Hills - Epping,126,Sydney - Ryde,1GSYD,Greater Sydney,1,New South Wales,AUS,Australia,13.2936,http://linked.data.gov.au/dataset/asgsed3/SA2/126011496
126011720,Epping (East) - North Epping,1,New,12601,Pennant Hills - Epping,126,Sydney - Ryde,1GSYD,Greater Sydney,1,New South Wales,AUS,Australia,4.3922,http://linked.data.gov.au/dataset/asgsed3/SA2/126011720
126011721,Epping (NSW) - West,1,New,12601,Pennant Hills - Epping,126,Sydney - Ryde,1GSYD,Greater Sydney,1,New South Wales,AUS,Australia,4.4886,http://linked.data.gov.au/dataset/asgsed3/SA2/126011721
126021498,Gladesville - Huntleys Point,0,No change,12602,Ryde - Hunters Hill,126,Sydney - Ryde,1GSYD,Greater Sydney,1,New South Wales,AUS,Australia,4.7162,http://linked.data.gov.au/dataset/asgsed3/SA2/126021498
126021499,Hunters Hill - Woolwich,0,No change,12602,Ryde - Hunters Hill,126,Sydney - Ryde,1GSYD,Greater Sydney,1,New South Wales,AUS,Australia,4.1512,http://linked.data.gov.au/dataset/asgsed3/SA2/126021499
126021500,Macquarie Park - Marsfield,0,No change,12602,Ryde - Hunters Hill,126,Sydney - Ryde,1GSYD,Greater Sydney,1,New South Wales,AUS,Australia,10.6718,http://linked.data.gov.au/dataset/asgsed3/SA2/126021500
126021501,North Ryde - East Ryde,0,No change,12602,Ryde - Hunters Hill,126,Sydney - Ryde,1GSYD,Greater Sydney,1,New South Wales,AUS,Australia,6.2231,http://linked.data.gov.au/dataset/asgsed3/SA2/126021501
126021503,West Ryde - Meadowbank,0,No change,12602,Ryde - Hunters Hill,126,Sydney - Ryde,1GSYD,Greater Sydney,1,New South Wales,AUS,Australia,4.7923,http://linked.data.gov.au/dataset/asgsed3/SA2/126021503
126021590,Putney,0,No change,12602,Ryde - Hunters Hill,126,Sydney - Ryde,1GSYD,Greater Sydney,1,New South Wales,AUS,Australia,1.5194,http://linked.data.gov.au/dataset/asgsed3/SA2/126021590
126021722,Denistone,1,New,12602,Ryde - Hunters Hill,126,Sydney - Ryde,1GSYD,Greater Sydney,1,New South Wales,AUS,Australia,2.5272,http://linked.data.gov.au/dataset/asgsed3/SA2/126021722
126021723,Eastwood,1,New,12602,Ryde - Hunters Hill,126,Sydney - Ryde,1GSYD,Greater Sydney,1,New South Wales,AUS,Australia,5.293,http://linked.data.gov.au/dataset/asgsed3/SA2/126021723
126021724,Ryde - North,1,New,12602,Ryde - Hunters Hill,126,Sydney - Ryde,1GSYD,Greater Sydney,1,New South Wales,AUS,Australia,5.7098,http://linked.data.gov.au/dataset/asgsed3/SA2/126021724
126021725,Ryde - South,1,New,12602,Ryde - Hunters Hill,126,Sydney - Ryde,1GSYD,Greater Sydney,1,New South Wales,AUS,Australia,1.5584,http://linked.data.gov.au/dataset/asgsed3/SA2/126021725
127011504,Ashcroft - Busby - Miller,0,No change,12701,Bringelly - Green Valley,127,Sydney - South West,1GSYD,Greater Sydney,1,New South Wales,AUS,Australia,5.463,http://linked.data.gov.au/dataset/asgsed3/SA2/127011504
127011505,Austral - Greendale,0,No change,12701,Bringelly - Green Valley,127,Sydney - South West,1GSYD,Greater Sydney,1,New South Wales,AUS,Australia,110.715,http://linked.data.gov.au/dataset/asgsed3/SA2/127011505
127011592,Badgerys Creek,0,No change,12701,Bringelly - Green Valley,127,Sydney - South West,1GSYD,Greater Sydney,1,New South Wales,AUS,Australia,17.5774,http://linked.data.gov.au/dataset/asgsed3/SA2/127011592
127011593,Cecil Hills,0,No change,12701,Bringelly - Green Valley,127,Sydney - South West,1GSYD,Greater Sydney,1,New South Wales,AUS,Australia,3.7478,http://linked.data.gov.au/dataset/asgsed3/SA2/127011593
127011594,Green Valley,0,No change,12701,Bringelly - Green Valley,127,Sydney - South West,1GSYD,Greater Sydney,1,New South Wales,AUS,Australia,3.2145,http://linked.data.gov.au/dataset/asgsed3/SA2/127011594
127011595,Hinchinbrook,0,No change,12701,Bringelly - Green Valley,127,Sydney - South West,1GSYD,Greater Sydney,1,New South Wales,AUS,Australia,5.225,http://linked.data.gov.au/dataset/asgsed3/SA2/127011595
127011596,Hoxton Park - Carnes Hill - Horningsea Park,0,No change,12701,Bringelly - Green Valley,127,Sydney - South West,1GSYD,Greater Sydney,1,New South Wales,AUS,Australia,4.1265,http://linked.data.gov.au/dataset/asgsed3/SA2/127011596
127011597,West Hoxton - Middleton Grange,0,No change,12701,Bringelly - Green Valley,127,Sydney - South West,1GSYD,Greater Sydney,1,New South Wales,AUS,Australia,9.2627,http://linked.data.gov.au/dataset/asgsed3/SA2/127011597
127011726,Cobbitty - Bringelly,1,New,12701,Bringelly - Green Valley,127,Sydney - South West,1GSYD,Greater Sydney,1,New South Wales,AUS,Australia,73.8658,http://linked.data.gov.au/dataset/asgsed3/SA2/127011726
127011727,Gledswood Hills - Gregory Hills,1,New,12701,Bringelly - Green Valley,127,Sydney - South West,1GSYD,Greater Sydney,1,New South Wales,AUS,Australia,8.7234,http://linked.data.gov.au/dataset/asgsed3/SA2/127011727
127011728,Leppington - Catherine Field,1,New,12701,Bringelly - Green Valley,127,Sydney - South West,1GSYD,Greater Sydney,1,New South Wales,AUS,Australia,36.3552,http://linked.data.gov.au/dataset/asgsed3/SA2/127011728
127011729,Oran Park,1,New,12701,Bringelly - Green Valley,127,Sydney - South West,1GSYD,Greater Sydney,1,New South Wales,AUS,Australia,13.2477,http://linked.data.gov.au/dataset/asgsed3/SA2/127011729
127021509,Bonnyrigg Heights - Bonnyrigg,0,No change,12702,Fairfield,127,Sydney - South West,1GSYD,Greater Sydney,1,New South Wales,AUS,Australia,5.1887,http://linked.data.gov.au/dataset/asgsed3/SA2/127021509
127021510,Bossley Park - Abbotsbury,0,No change,12702,Fairfield,127,Sydney - South West,1GSYD,Greater Sydney,1,New South Wales,AUS,Australia,9.5147,http://linked.data.gov.au/dataset/asgsed3/SA2/127021510
127021511,Cabramatta - Lansvale,0,No change,12702,Fairfield,127,Sydney - South West,1GSYD,Greater Sydney,1,New South Wales,AUS,Australia,7.5964,http://linked.data.gov.au/dataset/asgsed3/SA2/127021511
127021512,Cabramatta West - Mount Pritchard,0,No change,12702,Fairfield,127,Sydney - South West,1GSYD,Greater Sydney,1,New South Wales,AUS,Australia,5.3429,http://linked.data.gov.au/dataset/asgsed3/SA2/127021512
127021513,Canley Vale - Canley Heights,0,No change,12702,Fairfield,127,Sydney - South West,1GSYD,Greater Sydney,1,New South Wales,AUS,Australia,5.4161,http://linked.data.gov.au/dataset/asgsed3/SA2/127021513
127021514,Edensor Park,0,No change,12702,Fairfield,127,Sydney - South West,1GSYD,Greater Sydney,1,New South Wales,AUS,Australia,3.0955,http://linked.data.gov.au/dataset/asgsed3/SA2/127021514
127021515,Fairfield,0,No change,12702,Fairfield,127,Sydney - South West,1GSYD,Greater Sydney,1,New South Wales,AUS,Australia,4.2304,http://linked.data.gov.au/dataset/asgsed3/SA2/127021515
127021516,Fairfield - West,0,No change,12702,Fairfield,127,Sydney - South West,1GSYD,Greater Sydney,1,New South Wales,AUS,Australia,4.6915,http://linked.data.gov.au/dataset/asgsed3/SA2/127021516
127021517,Greenfield Park - Prairiewood,0,No change,12702,Fairfield,127,Sydney - South West,1GSYD,Greater Sydney,1,New South Wales,AUS,Australia,3.6367,http://linked.data.gov.au/dataset/asgsed3/SA2/127021517
127021518,Horsley Park - Kemps Creek,0,No change,12702,Fairfield,127,Sydney - South West,1GSYD,Greater Sydney,1,New South Wales,AUS,Australia,56.2773,http://linked.data.gov.au/dataset/asgsed3/SA2/127021518
127021519,Smithfield - Wetherill Park,0,No change,12702,Fairfield,127,Sydney - South West,1GSYD,Greater Sydney,1,New South Wales,AUS,Australia,6.6123,http://linked.data.gov.au/dataset/asgsed3/SA2/127021519
127021520,St Johns Park - Wakeley,0,No change,12702,Fairfield,127,Sydney - South West,1GSYD,Greater Sydney,1,New South Wales,AUS,Australia,3.6111,http://linked.data.gov.au/dataset/asgsed3/SA2/127021520
127021521,Wetherill Park Industrial,0,No change,12702,Fairfield,127,Sydney - South West,1GSYD,Greater Sydney,1,New South Wales,AUS,Australia,8.5567,http://linked.data.gov.au/dataset/asgsed3/SA2/127021521
127031522,Casula,0,No change,12703,Liverpool,127,Sydney - South West,1GSYD,Greater Sydney,1,New South Wales,AUS,Australia,7.072,http://linked.data.gov.au/dataset/asgsed3/SA2/127031522
127031523,Chipping Norton - Moorebank,0,No change,12703,Liverpool,127,Sydney - South West,1GSYD,Greater Sydney,1,New South Wales,AUS,Australia,14.4902,http://linked.data.gov.au/dataset/asgsed3/SA2/127031523
127031524,Holsworthy - Wattle Grove,0,No change,12703,Liverpool,127,Sydney - South West,1GSYD,Greater Sydney,1,New South Wales,AUS,Australia,73.7001,http://linked.data.gov.au/dataset/asgsed3/SA2/127031524
127031599,Lurnea - Cartwright,0,No change,12703,Liverpool,127,Sydney - South West,1GSYD,Greater Sydney,1,New South Wales,AUS,Australia,3.4665,http://linked.data.gov.au/dataset/asgsed3/SA2/127031599
127031601,Warwick Farm,0,No change,12703,Liverpool,127,Sydney - South West,1GSYD,Greater Sydney,1,New South Wales,AUS,Australia,4.6501,http://linked.data.gov.au/dataset/asgsed3/SA2/127031601
127031730,Edmondson Park,1,New,12703,Liverpool,127,Sydney - South West,1GSYD,Greater Sydney,1,New South Wales,AUS,Australia,6.0563,http://linked.data.gov.au/dataset/asgsed3/SA2/127031730
127031731,Liverpool - East,1,New,12703,Liverpool,127,Sydney - South West,1GSYD,Greater Sydney,1,New South Wales,AUS,Australia,2.2601,http://linked.data.gov.au/dataset/asgsed3/SA2/127031731
127031732,Liverpool - West,1,New,12703,Liverpool,127,Sydney - South West,1GSYD,Greater Sydney,1,New South Wales,AUS,Australia,4.0583,http://linked.data.gov.au/dataset/asgsed3/SA2/127031732
127031733,Prestons,1,New,12703,Liverpool,127,Sydney - South West,1GSYD,Greater Sydney,1,New South Wales,AUS,Australia,9.2311,http://linked.data.gov.au/dataset/asgsed3/SA2/127031733
128011529,Gymea - Grays Point,0,No change,12801,Cronulla - Miranda - Caringbah,128,Sydney - Sutherland,1GSYD,Greater Sydney,1,New South Wales,AUS,Australia,5.7978,http://linked.data.gov.au/dataset/asgsed3/SA2/128011529
128011530,Miranda - Yowie Bay,0,No change,12801,Cronulla - Miranda - Caringbah,128,Sydney - Sutherland,1GSYD,Greater Sydney,1,New South Wales,AUS,Australia,5.9968,http://linked.data.gov.au/dataset/asgsed3/SA2/128011530
128011531,Sylvania - Taren Point,0,No change,12801,Cronulla - Miranda - Caringbah,128,Sydney - Sutherland,1GSYD,Greater Sydney,1,New South Wales,AUS,Australia,6.0595,http://linked.data.gov.au/dataset/asgsed3/SA2/128011531
128011602,Caringbah,0,No change,12801,Cronulla - Miranda - Caringbah,128,Sydney - Sutherland,1GSYD,Greater Sydney,1,New South Wales,AUS,Australia,3.9959,http://linked.data.gov.au/dataset/asgsed3/SA2/128011602
128011603,Caringbah South,0,No change,12801,Cronulla - Miranda - Caringbah,128,Sydney - Sutherland,1GSYD,Greater Sydney,1,New South Wales,AUS,Australia,4.0699,http://linked.data.gov.au/dataset/asgsed3/SA2/128011603
128011604,Cronulla - Kurnell - Bundeena,0,No change,12801,Cronulla - Miranda - Caringbah,128,Sydney - Sutherland,1GSYD,Greater Sydney,1,New South Wales,AUS,Australia,25.0865,http://linked.data.gov.au/dataset/asgsed3/SA2/128011604
128011605,Lilli Pilli - Port Hacking - Dolans Bay,0,No change,12801,Cronulla - Miranda - Caringbah,128,Sydney - Sutherland,1GSYD,Greater Sydney,1,New South Wales,AUS,Australia,1.2706,http://linked.data.gov.au/dataset/asgsed3/SA2/128011605
128011606,Woolooware - Burraneer,3,Name change,12801,Cronulla - Miranda - Caringbah,128,Sydney - Sutherland,1GSYD,Greater Sydney,1,New South Wales,AUS,Australia,3.3282,http://linked.data.gov.au/dataset/asgsed3/SA2/128011606
128021533,Heathcote - Waterfall,0,No change,12802,Sutherland - Menai - Heathcote,128,Sydney - Sutherland,1GSYD,Greater Sydney,1,New South Wales,AUS,Australia,27.6162,http://linked.data.gov.au/dataset/asgsed3/SA2/128021533
128021534,Illawong - Alfords Point,0,No change,12802,Sutherland - Menai - Heathcote,128,Sydney - Sutherland,1GSYD,Greater Sydney,1,New South Wales,AUS,Australia,7.2978,http://linked.data.gov.au/dataset/asgsed3/SA2/128021534
128021535,Menai - Lucas Heights - Woronora,0,No change,12802,Sutherland - Menai - Heathcote,128,Sydney - Sutherland,1GSYD,Greater Sydney,1,New South Wales,AUS,Australia,33.4046,http://linked.data.gov.au/dataset/asgsed3/SA2/128021535
128021536,Oyster Bay - Como - Jannali,0,No change,12802,Sutherland - Menai - Heathcote,128,Sydney - Sutherland,1GSYD,Greater Sydney,1,New South Wales,AUS,Australia,8.9053,http://linked.data.gov.au/dataset/asgsed3/SA2/128021536
128021537,Royal National Park,0,No change,12802,Sutherland - Menai - Heathcote,128,Sydney - Sutherland,1GSYD,Greater Sydney,1,New South Wales,AUS,Australia,139.3336,http://linked.data.gov.au/dataset/asgsed3/SA2/128021537
128021538,Sutherland - Kirrawee,0,No change,12802,Sutherland - Menai - Heathcote,128,Sydney - Sutherland,1GSYD,Greater Sydney,1,New South Wales,AUS,Australia,7.755,http://linked.data.gov.au/dataset/asgsed3/SA2/128021538
128021607,Engadine,0,No change,12802,Sutherland - Menai - Heathcote,128,Sydney - Sutherland,1GSYD,Greater Sydney,1,New South Wales,AUS,Australia,8.9538,http://linked.data.gov.au/dataset/asgsed3/SA2/128021607
128021608,Loftus - Yarrawarrah,0,No change,12802,Sutherland - Menai - Heathcote,128,Sydney - Sutherland,1GSYD,Greater Sydney,1,New South Wales,AUS,Australia,3.8436,http://linked.data.gov.au/dataset/asgsed3/SA2/128021608
128021609,Woronora Heights,0,No change,12802,Sutherland - Menai - Heathcote,128,Sydney - Sutherland,1GSYD,Greater Sydney,1,New South Wales,AUS,Australia,3.1374,http://linked.data.gov.au/dataset/asgsed3/SA2/128021609
